98,3M,St. Paul,Minnesota,55144
883,A. Schulman,Fairlawn,Ohio,44333
911,A.O. Smith,Milwaukee,Wisconsin,53224
997,AAR,Wood Dale,Illinois,60191
810,Aaron's,Atlanta,Georgia,30305
134,Abbott Laboratories,Abbott Park,Illinois,60064
146,AbbVie,North Chicago,Illinois,60064
648,Abercrombie & Fitch,New Albany,Ohio,43054
515,ABM Industries,New York,New York,10176
585,Activision Blizzard,Santa Monica,California,90405
899,Acuity Brands,Atlanta,Georgia,30309
609,Adams Resources & Energy,Houston,Texas,77027
605,Adobe Systems,San Jose,California,95110
689,ADT,Boca Raton,Florida,33431
294,Advance Auto Parts,Roanoke,Virginia,24012
473,Advanced Micro Devices,Sunnyvale,California,94085
343,AECOM,Los Angeles,California,90071
178,AES,Arlington,Virginia,22203
49,Aetna,Hartford,Connecticut,06156
863,Affiliated Managers Group,Prides Crossing,Massachusetts,01965
132,Aflac,Columbus,Georgia,31999
296,AGCO,Duluth,Georgia,30096
389,Agilent Technologies,Santa Clara,California,95051
465,AGL Resources,Atlanta,Georgia,30309
46,AIG,New York,New York,10038
284,Air Products & Chemicals,Allentown,Pennsylvania,18195
508,Airgas,Radnor,Pennsylvania,19087
415,AK Steel Holding,West Chester,Ohio,45069
484,Alaska Air Group,Seattle,Washington,98188
837,Albemarle,Baton Rouge,Louisiana,70801
125,Alcoa,New York,New York,10022
766,Alere,Waltham,Massachusetts,02453
547,Aleris,Cleveland,Ohio,44122
941,Alexion Pharmaceuticals,Cheshire,Connecticut,06410
499,Alleghany,New York,New York,10036
601,Allegheny Technologies,Chicago,Illinois,60603
380,Allergan,Irvine,California,92612
494,Alliance Data Systems,Plano,Texas,75024
926,Alliance Holdings,Tulsa,Oklahoma,74119
912,Alliance One International,Morrisville,North Carolina,27560
697,Alliant Energy,Madison,Wisconsin,53718
974,Allison Transmission Holdings,Indianaoplis,Indiana,46222
89,Allstate,Northbrook,Illinois,60062
295,Ally Financial,Detroit,Michigan,48243
594,Alpha Natural Resources,Bristol,Virginia,24202
169,Altria Group,Richmond,Virginia,23230
444,A-Mark Precious Metals,Santa Monica,California,90401
29,Amazon.com,Seattle,Washington,98109
949,AMC Networks,New York,New York,10001
787,Amerco,Reno,Nevada,89502
438,Ameren,St. Louis,Missouri,63103
70,American Airlines Group,Fort Worth,Texas,76155
657,American Axle & Manufacturing,Detroit,Michigan,48211
703,American Eagle Outfitters,Pittsburgh,Pennsylvania,15203
184,American Electric Power,Columbus,Ohio,43215
964,American Equity Investment Life,West Des Moines,Iowa,50266
88,American Express,New York,New York,10285
358,American Family Insurance Group,Madison,Wisconsin,53783
459,American Financial Group,Cincinnati,Ohio,45202
744,American National Insurance,Galveston,Texas,77550
514,American Tire Distributors Hold,Huntersville,North Carolina,28078
612,American Tower,Boston,Massachusetts,02116
750,American Water Works,Voorhees,New Jersey,08043
247,Ameriprise Financial,Minneapolis,Minnesota,55474
16,AmerisourceBergen,Chesterbrook,Pennsylvania,19087
619,Ametek,Berwyn,Pennsylvania,19312
145,Amgen,Thousand Oaks,California,91320
983,Amica Mutual Insurance,Lincoln,Rhode Island,02865
726,Amkor Technology,Chandler,Arizona,85286
487,Amphenol,Wallingford,Connecticut,06492
615,AmTrust Financial Services,New York,New York,10038
162,Anadarko Petroleum,The Woodlands,Texas,77380
780,Analog Devices,Norwood,Massachusetts,02062
569,Andersons,Maumee,Ohio,43537
420,Anixter International,Glenview,Illinois,60026
855,ANN,New York,New York,10036
811,Antero Resources,Denver,Colorado,80202
38,Anthem,Indianapolis,Indiana,46204
858,AOL,New York,New York,10003
218,Apache,Houston,Texas,77056
746,Apollo Education Group,Phoenix,Arizona,85040
5,Apple,Cupertino,California,95014
880,Applied Industrial Technologies,Cleveland,Ohio,44115
319,Applied Materials,Santa Clara,California,95054
838,AptarGroup,Crystal Lake,Illinois,60014
207,Aramark,Philadelphia,Pennsylvania,19107
832,ArcBest,Fort Smith,Arkansas,72903
768,Arch Coal,St. Louis,Missouri,63141
34,Archer Daniels Midland,Decatur,Illinois,62526
817,Armstrong World Industries,Lancaster,Pennsylvania,17603
492,ARRIS Group,Suwanee,Georgia,30024
131,Arrow Electronics,Englewood,Colorado,80112
558,Arthur J. Gallagher,Itasca,Illinois,60143
450,Asbury Automotive Group,Duluth,Georgia,30097
537,Ascena Retail Group,Suffern,New York,10901
371,Ashland,Covington,Kentucky,41011
285,Assurant,New York,New York,10005
12,AT&T,Dallas,Texas,75202
526,Atmos Energy,Dallas,Texas,75240
862,Autodesk,San Rafael,California,94903
312,Autoliv,Auburn Hills,Michigan,48326
251,Automatic Data Processing,Roseland,New Jersey,07068
156,AutoNation,Fort Lauderdale,Florida,33301
425,Auto-Owners Insurance,Lansing,Michigan,48917
307,AutoZone,Memphis,Tennessee,38103
581,Avaya,Santa Clara,California,95054
427,Avery Dennison,Glendale,California,91203
336,Avis Budget Group,Parsippany,New Jersey,07054
108,Avnet,Phoenix,Arizona,85034
322,Avon Products,New York,New York,10017
564,Axiall,Atlanta,Georgia,30328
603,B/E Aerospace,Wellington,Florida,33414
119,Baker Hughes,Houston,Texas,77019
332,Ball,Broomfield,Colorado,80021
23,Bank of America Corp.,Charlotte,North Carolina,28255
189,Bank of New York Mellon Corp.,New York,New York,10286
423,Barnes & Noble,New York,New York,10011
185,Baxter International,Deerfield,Illinois,60015
292,BB&T Corp.,Winston-Salem,North Carolina,27101
917,Beacon Roofing Supply,Herndon,Virginia,20170
338,Becton Dickinson,Franklin Lakes,New Jersey,07417
260,Bed Bath & Beyond,Union,New Jersey,07083
922,Belden,St. Louis,Missouri,63105
610,Belk,Charlotte,North Carolina,28217
534,Bemis,Neenah,Wisconsin,54956
795,Benchmark Electronics,Angleton,Texas,77515
4,Berkshire Hathaway,Omaha,Nebraska,68131
522,Berry Plastics Group,Evansville,Indiana,47710
72,Best Buy,Richfield,Minnesota,55423
678,Big Heart Pet Brands,San Francisco,California,94111
501,Big Lots,Columbus,Ohio,43228
298,Biogen,Cambridge,Massachusetts,02142
959,Bio-Rad Laboratories,Hercules,California,94547
267,BlackRock,New York,New York,10055
373,Blackstone Group,New York,New York,10154
580,Bloomin' Brands,Tampa,Florida,33607
27,Boeing,Chicago,Illinois,60606
672,Boise Cascade,Boise,Idaho,83702
788,Bon-Ton Stores,York,Pennsylvania,17402
475,Booz Allen Hamilton Holding,McLean,Virginia,22102
347,BorgWarner,Auburn Hills,Michigan,48326
896,Boston Properties,Boston,Massachusetts,02199
378,Boston Scientific,Natick,Massachusetts,01760
815,Boyd Gaming,Las Vegas,Nevada,89169
777,Brinker International,Dallas,Texas,75240
654,Brink's,Richmond,Virginia,23226
195,Bristol-Myers Squibb,New York,New York,10154
340,Broadcom,Irvine,California,92617
849,Broadridge Financial Solutions,Lake Success,New York,11042
947,Brocade Communications Systems,San Jose,California,95134
639,Brookdale Senior Living,Brentwood,Tennessee,37027
756,Brown-Forman,Louisville,Kentucky,40210
616,Brunswick,Lake Forest,Illinois,60045
406,Buckeye Partners,Houston,Texas,77046
532,Burlington Stores,Burlington,New Jersey,08016
772,BWX Technologies,Charlotte,North Carolina,28277
225,C.H. Robinson Worldwide,Eden Prairie,Minnesota,55347
700,C.R. Bard,Murray Hill,New Jersey,07974
568,CA,Islandia,New York,11749
663,Cabela's,Sidney,Nebraska,69160
419,Cablevision Systems,Bethpage,New York,11714
661,Cabot,Boston,Massachusetts,02210
961,Cabot Oil & Gas,Houston,Texas,77024
674,CACI International,Arlington,Virginia,22201
328,Caesars Entertainment,Las Vegas,Nevada,89109
844,Caleres,St. Louis,Missouri,63105
353,Calpine,Houston,Texas,77002
457,Calumet Specialty Products Part,Indianapolis,Indiana,46214
275,Cameron International,Houston,Texas,77027
342,Campbell Soup,Camden,New Jersey,08103
126,Capital One Financial,McLean,Virginia,22102
26,Cardinal Health,Dublin,Ohio,43017
635,CareFusion,San Diego,California,92130
715,Carlisle,Charlotte,North Carolina,28277
631,Carlyle Group,Washington,District of Columbia,20004
232,CarMax,Richmond,Virginia,23238
962,Carpenter Technology,Wyomissing,Pennsylvania,19610
779,Carter's,Atlanta,Georgia,30326
382,Casey's General Stores,Ankeny,Iowa,50021
54,Caterpillar,Peoria,Illinois,61629
321,CBRE Group,Los Angeles,California,90071
212,CBS,New York,New York,10019
253,CDW,Vernon Hills,Illinois,60061
395,Celanese,Irving,Texas,75039
369,Celgene,Summit,New Jersey,07901
186,Centene,St. Louis,Missouri,63105
313,CenterPoint Energy,Houston,Texas,77002
168,CenturyLink,Monroe,Louisiana,71203
690,Cerner,North Kansas City,Missouri,64117
543,CF Industries Holdings,Deerfield,Illinois,60015
480,CH2M Hill,Englewood,Colorado,80112
435,Charles Schwab,San Francisco,California,94105
317,Charter Communications,Stamford,Connecticut,06901
954,Chemtura,Philadelphia,Pennsylvania,19103
142,Chesapeake Energy,Oklahoma City,Oklahoma,73118
3,Chevron,San Ramon,California,94583
819,Chico's FAS,Fort Myers,Florida,33966
611,Chipotle Mexican Grill,Denver,Colorado,80202
736,Chiquita Brands International,Charlotte,North Carolina,28202
69,CHS,Inver Grove Height,Minnesota,55077
215,Chubb,Warren,New Jersey,07059
702,Church & Dwight,Ewing,New Jersey,08628
928,Ciena,Hanover,Maryland,21076
90,Cigna,Bloomfield,Connecticut,06002
889,Cimarex Energy,Denver,Colorado,80203
525,Cincinnati Financial,Fairfield,Ohio,45014
827,Cinemark Holdings,Plano,Texas,75093
566,Cintas,Cincinnati,Ohio,45262
60,Cisco Systems,San Jose,California,95134
662,CIT Group,New York,New York,10036
28,Citigroup,New York,New York,10022
725,Citrix Systems,Fort Lauderdale,Florida,33309
691,Clean Harbors,Norwell,Massachusetts,02061
560,Cliffs Natural Resources,Cleveland,Ohio,44114
469,Clorox,Oakland,California,94612
732,CME Group,Chicago,Illinois,60606
383,CMS Energy,Jackson,Michigan,49201
608,CNO Financial Group,Carmel,Indiana,46032
535,Coach,New York,New York,10001
63,Coca-Cola,Atlanta,Georgia,30313
368,Coca-Cola Enterprises,Atlanta,Georgia,30339
288,Cognizant Technology Solutions,Teaneck,New Jersey,07666
559,Colfax,Fulton,Maryland,20759
179,Colgate-Palmolive,New York,New York,10022
982,Columbia Sportswear,Portland,Oregon,97229
43,Comcast,Philadelphia,Pennsylvania,19103
828,Comerica,Dallas,Texas,75201
388,Commercial Metals,Irving,Texas,75039
640,CommScope Holding,Hickory,North Carolina,28602
135,Community Health Systems,Franklin,Tennessee,37067
229,Computer Sciences,Falls Church,Virginia,22042
173,ConAgra Foods,Omaha,Nebraska,68102
822,Concho Resources,Midland,Texas,79701
51,ConocoPhillips,Houston,Texas,77079
652,Consol Energy,Canonsburg,Pennsylvania,15317
236,Consolidated Edison,New York,New York,10003
530,Constellation Brands,Victor,New York,14564
536,Continental Resources,Oklahoma City,Oklahoma,73102
783,Convergys,Cincinnati,Ohio,45202
456,Con-way,Ann Arbor,Michigan,48105
688,Cooper Tire & Rubber,Findlay,Ohio,45840
707,Cooper-Standard Holdings,Novi,Michigan,48375
352,Core-Mark Holding,South San Francisc,California,94080
297,Corning,Corning,New York,14831
18,Costco,Issaquah,Washington,98027
567,Coty,New York,New York,10118
681,Country Financial,Bloomington,Illinois,61701
816,Covance,Princeton,New Jersey,08540
818,Cracker Barrel Old Country Stor,Lebanon,Tennessee,37087
770,Crane,Stamford,Connecticut,06902
625,Crestwood Equity Partners,Houston,Texas,77022
658,Crown Castle International,Houston,Texas,77057
318,Crown Holdings,Philadelphia,Pennsylvania,19154
277,CST Brands,San Antonio,Texas,78249
240,CSX,Jacksonville,Florida,32202
154,Cummins,Columbus,Indiana,47201
687,CUNA Mutual Group,Madison,Wisconsin,53705
834,Curtiss-Wright,Charlotte,North Carolina,28277
10,CVS Health,Woonsocket,Rhode Island,02895
354,D.R. Horton,Fort Worth,Texas,76102
410,Dana Holding,Maumee,Ohio,43537
147,Danaher,Washington,District of Columbia,20037
325,Darden Restaurants,Orlando,Florida,32837
622,Darling Ingredients,Irving,Texas,75038
231,DaVita HealthCare Partners,Denver,Colorado,80202
665,DCP Midstream Partners,Denver,Colorado,80202
306,Dean Foods,Dallas,Texas,75204
86,Deere,Moline,Illinois,61265
345,Delek US Holdings,Brentwood,Tennessee,37027
73,Delta Air Lines,Atlanta,Georgia,30354
934,Delta Tucker Holdings,McLean,Virginia,22102
888,Denbury Resources,Plano,Texas,75024
773,Dentsply International,York,Pennsylvania,17401
152,Devon Energy,Oklahoma City,Oklahoma,73102
393,Dick's Sporting Goods,Coraopolis,Pennsylvania,15108
743,Diebold,North Canton,Ohio,44720
400,Dillard's,Little Rock,Arkansas,72201
946,Diplomat Pharmacy,Flint,Michigan,48507
95,DirecTV,El Segundo,California,90245
303,Discover Financial Services,Riverwoods,Illinois,60015
430,Discovery Communications,Silver Spring,Maryland,20910
208,DISH Network,Englewood,Colorado,80112
57,Disney,Burbank,California,91521
159,Dollar General,Goodlettsville,Tennessee,37072
330,Dollar Tree,Chesapeake,Virginia,23320
243,Dominion Resources,Richmond,Virginia,23219
470,Domtar,Fort Mill,South Carolina,29715
873,Donaldson,Minneapolis,Minnesota,55431
346,Dover,Downers Grove,Illinois,60515
48,Dow Chemical,Midland,Michigan,48674
437,Dr Pepper Snapple Group,Plano,Texas,75024
793,Dresser-Rand Group,Houston,Texas,77042
807,DST Systems,Kansas City,Missouri,64105
866,DSW,Columbus,Ohio,43219
246,DTE Energy,Detroit,Michigan,48226
116,Duke Energy,Charlotte,North Carolina,28202
87,DuPont,Wilmington,Delaware,19898
865,Dynegy,Houston,Texas,77002
1000,E*Trade Financial,New York,New York,10020
305,Eastman Chemical,Kingsport,Tennessee,37660
966,Eastman Kodak,Rochester,New York,14650
172,eBay,San Jose,California,95125
684,EchoStar,Englewood,Colorado,80112
213,Ecolab,St. Paul,Minnesota,55102
226,Edison International,Rosemead,California,91770
930,Education Management,Pittsburgh,Pennsylvania,15222
918,Edwards Lifesciences,Irvine,California,92614
671,Electronic Arts,Redwood City,California,94065
151,Eli Lilly,Indianapolis,Indiana,46285
121,EMC,Hopkinton,Massachusetts,01748
421,EMCOR Group,Norwalk,Connecticut,06851
120,Emerson Electric,St. Louis,Missouri,63136
694,Enable Midstream Partners,Oklahoma City,Oklahoma,73102
985,Energen,Birmingham,Alabama,35203
579,Energizer Holdings,St. Louis,Missouri,63141
446,Energy Future Holdings,Dallas,Texas,75201
53,Energy Transfer Equity,Dallas,Texas,75219
872,EnerSys,Reading,Pennsylvania,19605
241,Entergy,New Orleans,Louisiana,70113
59,Enterprise Products Partners,Houston,Texas,77002
587,Envision Healthcare Holdings,Greenwood Village,Colorado,80111
167,EOG Resources,Houston,Texas,77002
721,EP Energy,Houston,Texas,77002
874,EQT,Pittsburgh,Pennsylvania,15222
886,Equifax,Atlanta,Georgia,30309
884,Equinix,Redwood City,California,94065
829,Equity Residential,Chicago,Illinois,60606
436,Erie Insurance Group,Erie,Pennsylvania,16530
489,Essendant,Deerfield,Illinois,60015
271,Estee Lauder,New York,New York,10153
972,Esterline Technologies,Bellevue,Washington,98004
367,Eversource Energy,Springfield,Massachusetts,01105
604,Exelis,McLean,Virginia,22102
111,Exelon,Chicago,Illinois,60603
784,Exide Technologies,Milton,Georgia,30004
458,Expedia,Bellevue,Washington,98004
413,Expeditors International of Was,Seattle,Washington,98104
965,Express,Columbus,Ohio,43230
22,Express Scripts Holding,St. Louis,Missouri,63121
778,Exterran Holdings,Houston,Texas,77060
2,Exxon Mobil,Irving,Texas,75039
242,Facebook,Menlo Park,California,94025
281,Family Dollar Stores,Matthews,North Carolina,28105
17,Fannie Mae,Washington,District of Columbia,20016
264,Farmers Insurance Exchange,Los Angeles,California,90010
650,Fastenal,Winona,Minnesota,55987
65,FedEx,Memphis,Tennessee,38120
894,Ferrellgas Partners,Overland Park,Kansas,66210
314,Fidelity National Financial,Jacksonville,Florida,32204
422,Fidelity National Information S,Jacksonville,Florida,32204
416,Fifth Third Bancorp,Cincinnati,Ohio,45263
554,First American Financial,Santa Ana,California,92707
265,First Data,Atlanta,Georgia,30342
692,First Solar,Tempe,Arizona,85281
206,FirstEnergy,Akron,Ohio,44308
512,Fiserv,Brookfield,Wisconsin,53045
647,Flowers Foods,Thomasville,Georgia,31757
528,Flowserve,Irving,Texas,75039
136,Fluor,Irving,Texas,75039
576,FM Global,Johnston,Rhode Island,02919
613,FMC,Philadelphia,Pennsylvania,19103
357,FMC Technologies,Houston,Texas,77086
384,Foot Locker,New York,New York,10120
9,Ford Motor,Dearborn,Michigan,48126
664,Forest Laboratories,New York,New York,10022
588,Fortune Brands Home & Security,Deerfield,Illinois,60015
679,Fossil Group,Richardson,Texas,75080
335,Franklin Resources,San Mateo,California,94403
42,Freddie Mac,McLean,Virginia,22102
137,Freeport-McMoRan,Phoenix,Arizona,85004
540,Frontier Communications,Stamford,Connecticut,06905
311,GameStop,Grapevine,Texas,76051
188,Gap,San Francisco,California,94105
999,Gartner,Stamford,Connecticut,06902
443,General Cable,Highland Heights,Kentucky,41076
100,General Dynamics,Falls Church,Virginia,22042
8,General Electric,Fairfield,Connecticut,06828
848,General Growth Properties,Chicago,Illinois,60606
171,General Mills,Minneapolis,Minnesota,55426
6,General Motors,Detroit,Michigan,48265
781,Genesco,Nashville,Tennessee,37217
633,Genesis Energy,Houston,Texas,77002
199,Genuine Parts,Atlanta,Georgia,30339
304,Genworth Financial,Richmond,Virginia,23230
977,G-III Apparel Group,New York,New York,10018
118,Gilead Sciences,Foster City,California,94404
180,Global Partners,Waltham,Massachusetts,02453
851,Global Payments,Atlanta,Georgia,30328
831,GNC Holdings,Pittsburgh,Pennsylvania,15222
76,Goldman Sachs Group,New York,New York,10282
166,Goodyear Tire & Rubber,Akron,Ohio,44316
40,Google,Mountain View,California,94043
670,Graham Holdings,Washington,District of Columbia,20071
929,Granite Construction,Watsonville,California,95076
599,Graphic Packaging Holding,Atlanta,Georgia,30328
445,Graybar Electric,St. Louis,Missouri,63105
846,Great Plains Energy,Kansas City,Missouri,64105
712,Green Plains,Omaha,Nebraska,68114
948,Greenbrier Cos.,Lake Oswego,Oregon,97035
600,Greif,Delaware,Ohio,43015
291,Group 1 Automotive,Houston,Texas,77024
718,Groupon,Chicago,Illinois,60654
254,Guardian Life Ins. Co. of Ameri,New York,New York,10004
891,Guess,Los Angeles,California,90021
751,H&R Block,Kansas City,Missouri,64105
979,H.B. Fuller,St. Paul,Minnesota,55110
272,H.J. Heinz,Pittsburgh,Pennsylvania,15222
967,Hain Celestial Group,Lake Success,New York,11042
96,Halliburton,Houston,Texas,77032
490,Hanesbrands,Winston-Salem,North Carolina,27105
511,Hanover Insurance Group,Worcester,Massachusetts,01653
431,Harley-Davidson,Milwaukee,Wisconsin,53208
486,Harman International Industries,Stamford,Connecticut,06901
517,Harris,Melbourne,Florida,32919
990,Harsco,Camp Hill,Pennsylvania,17011
160,Hartford Financial Services Gro,Hartford,Connecticut,06155
595,Hasbro,Pawtucket,Rhode Island,02861
710,Hawaiian Electric Industries,Honolulu,Hawaii,96813
920,Hawaiian Holdings,Honolulu,Hawaii,96819
75,HCA Holdings,Nashville,Tennessee,37203
824,HCC Insurance Holdings,Houston,Texas,77040
932,HCP,Long Beach,California,90806
316,HD Supply Holdings,Atlanta,Georgia,30339
698,Health Care REIT,Toledo,Ohio,43615
216,Health Net,Woodland Hills,California,91367
893,HealthSouth,Birmingham,Alabama,35243
921,Heartland Payment Systems,Princeton,New Jersey,08542
655,Helmerich & Payne,Tulsa,Oklahoma,74119
287,Henry Schein,Melville,New York,11747
376,Hershey,Hershey,Pennsylvania,17033
141,Hess,New York,New York,10036
503,Hexion,Columbus,Ohio,43215
914,hhgregg,Indianapolis,Indiana,46240
614,Hillshire Brands,Chicago,Illinois,60607
280,Hilton Worldwide Holdings,McLean,Virginia,22102
944,HNI,Muscatine,Iowa,52761
150,HollyFrontier,Dallas,Texas,75201
856,Hologic,Bedford,Massachusetts,01730
33,Home Depot,Atlanta,Georgia,30339
74,Honeywell International,Morris Township,New Jersey,07962
310,Hormel Foods,Austin,Minnesota,55912
575,Hospira,Lake Forest,Illinois,60045
485,Host Hotels & Resorts,Bethesda,Maryland,20817
991,Hovnanian Enterprises,Red Bank,New Jersey,07701
19,HP,Palo Alto,California,94304
447,HRG Group,New York,New York,10022
669,HSN,St. Petersburg,Florida,33729
673,Hub Group,Oak Brook,Illinois,60523
695,Hubbell,Shelton,Connecticut,06484
58,Humana,Louisville,Kentucky,40202
765,Huntington Bancshares,Columbus,Ohio,43287
390,Huntington Ingalls Industries,Newport News,Virginia,23607
259,Huntsman,Salt Lake City,Utah,84108
583,Hyatt Hotels,Chicago,Illinois,60606
805,Hyster-Yale Materials Handling,Cleveland,Ohio,44124
733,IAC/InterActiveCorp,New York,New York,10011
771,Iasis Healthcare,Franklin,Tennessee,37067
24,IBM,Armonk,New York,10504
155,Icahn Enterprises,New York,New York,10153
969,IDEX,Lake Forest,Illinois,60045
429,iHeartMedia,San Antonio,Texas,78209
942,IHS,Englewood,Colorado,80112
201,Illinois Tool Works,Glenview,Illinois,60026
826,IMS Health Holdings,Danbury,Connecticut,06810
637,Ingles Markets,Black Mountain,North Carolina,28711
62,Ingram Micro,Santa Ana,California,92705
462,Ingredion,Westchester,Illinois,60154
493,Insight Enterprises,Tempe,Arizona,85283
908,Insperity,Kingwood,Texas,77339
404,Integrys Energy Group,Chicago,Illinois,60601
52,Intel,Santa Clara,California,95054
565,Intercontinental Exchange,Atlanta,Georgia,30328
737,International Flavors & Fragran,New York,New York,10019
994,International Game Technology,Las Vegas,Nevada,89113
114,International Paper,Memphis,Tennessee,38197
372,Interpublic Group,New York,New York,10036
93,INTL FCStone,New York,New York,10017
572,Intuit,Mountain View,California,94043
973,Intuitive Surgical,Sunnyvale,California,94086
730,Iron Mountain,Boston,Massachusetts,02110
823,ITT,White Plains,New York,10604
434,J.B. Hunt Transport Services,Lowell,Arkansas,72745
250,J.C. Penney,Plano,Texas,75024
841,J.Crew Group,New York,New York,10003
467,J.M. Smucker,Orrville,Ohio,44667
191,Jabil Circuit,St. Petersburg,Florida,33716
239,Jacobs Engineering Group,Pasadena,California,91101
348,Jarden,Boca Raton,Florida,33431
454,JetBlue Airways,Long Island City,New York,11101
37,Johnson & Johnson,New Brunswick,New Jersey,08933
66,Johnson Controls,Milwaukee,Wisconsin,53209
426,Jones Financial,Des Peres,Missouri,63131
478,Jones Lang LaSalle,Chicago,Illinois,60601
642,Joy Global,Milwaukee,Wisconsin,53202
21,JP Morgan Chase,New York,New York,10017
557,Juniper Networks,Sunnyvale,California,94089
843,Kansas City Southern,Kansas City,Missouri,64105
925,KapStone Paper & Packaging,Northbrook,Illinois,60062
905,Kar Auction Services,Carmel,Indiana,46032
895,KB Home,Los Angeles,California,90024
424,KBR,Houston,Texas,77002
210,Kellogg,Battle Creek,Michigan,49017
471,Kelly Services,Troy,Michigan,48084
950,Kemper,Chicago,Illinois,60601
786,Kennametal,Latrobe,Pennsylvania,15650
549,Keurig Green Mountain,Waterbury,Vermont,05676
592,KeyCorp,Cleveland,Ohio,44114
140,Kimberly-Clark,Irving,Texas,75038
193,Kinder Morgan,Houston,Texas,77002
491,Kindred Healthcare,Louisville,Kentucky,40202
847,Kirby,Houston,Texas,77007
356,KKR,New York,New York,10019
769,KLA-Tencor,Milpitas,California,95035
939,Knights of Columbus,New Haven,Connecticut,06510
157,Kohl's,Menomonee Falls,Wisconsin,53051
165,Kraft Foods Group,Northfield,Illinois,60093
20,Kroger,Cincinnati,Ohio,45202
262,L Brands,Columbus,Ohio,43230
252,L-3 Communications,New York,New York,10016
440,Laboratory Corp. of America,Burlington,North Carolina,27215
563,Lam Research,Fremont,California,94538
203,Land O'Lakes,Arden Hills,Minnesota,55126
719,Landstar System,Jacksonville,Florida,32224
411,Lansing Trade Group,Overland,Kansas,66210
209,Las Vegas Sands,Las Vegas,Nevada,89109
174,Lear,Southfield,Michigan,48033
808,Legg Mason,Baltimore,Maryland,21202
623,Leggett & Platt,Carthage,Missouri,64836
506,Leidos Holdings,Reston,Virginia,20190
364,Lennar,Miami,Florida,33172
693,Lennox International,Richardson,Texas,75080
244,Leucadia National,New York,New York,10022
401,Level 3 Communications,Broomfield,Colorado,80021
541,Levi Strauss,San Francisco,California,94111
656,Lexmark International,Lexington,Kentucky,40550
263,Liberty Interactive,Englewood,Colorado,80112
578,Liberty Media,Englewood,Colorado,80112
78,Liberty Mutual Insurance Group,Boston,Massachusetts,02116
495,LifePoint Health,Brentwood,Tennessee,37027
792,Lincoln Electric Holdings,Cleveland,Ohio,44117
223,Lincoln National,Radnor,Pennsylvania,19087
945,LinkedIn,Mountain View,California,94043
520,Linn Energy,Houston,Texas,77002
482,Lithia Motors,Medford,Oregon,97501
392,Live Nation Entertainment,Beverly Hills,California,90210
403,LKQ,Chicago,Illinois,60661
64,Lockheed Martin,Bethesda,Maryland,20817
211,Loews,New York,New York,10065
513,Lorillard,Greensboro,North Carolina,27408
50,Lowe's,Mooresville,North Carolina,28117
591,LPL Financial Holdings,Boston,Massachusetts,02109
713,LVB Acquisition,Warsaw,Indiana,46582
545,M&T Bank Corp.,Buffalo,New York,14203
105,Macy's,Cincinnati,Ohio,45202
645,Magellan Health,Avon,Connecticut,06001
923,Magellan Midstream Partners,Tulsa,Oklahoma,74172
629,Manitowoc,Manitowoc,Wisconsin,54220
144,ManpowerGroup,Milwaukee,Wisconsin,53212
227,Marathon Oil,Houston,Texas,77056
25,Marathon Petroleum,Findlay,Ohio,45840
504,Markel,Glen Allen,Virginia,23060
958,MarkWest Energy Partners,Denver,Colorado,80202
221,Marriott International,Bethesda,Maryland,20817
235,Marsh & McLennan,New York,New York,10036
764,Martin Marietta Materials,Raleigh,North Carolina,27607
334,Masco,Taylor,Michigan,48180
94,Massachusetts Mutual Life Insur,Springfield,Massachusetts,01111
562,MasTec,Coral Gables,Florida,33134
308,MasterCard,Purchase,New York,10577
439,Mattel,El Segundo,California,90245
881,Maxim Integrated Products,San Jose,California,95134
598,McCormick,Sparks,Maryland,21152
110,McDonald's,Oak Brook,Illinois,60523
500,McGraw Hill Financial,New York,New York,10020
11,McKesson,San Francisco,California,94104
556,MDU Resources Group,Bismarck,North Dakota,58503
584,Mead Johnson Nutrition,Glenview,Illinois,60026
464,MeadWestvaco,Richmond,Virginia,23219
879,Medical Mutual of Ohio,Cleveland,Ohio,44115
885,Mednax,Sunrise,Florida,33323
706,Men's Wearhouse,Houston,Texas,77072
71,Merck,Whitehouse Station,New Jersey,08889
752,Mercury General,Los Angeles,California,90010
957,Meritage Homes,Scottsdale,Arizona,85260
641,Meritor,Troy,Michigan,48084
812,Metaldyne Performance Group,Plymouth,Michigan,48170
39,MetLife,New York,New York,10166
868,Mettler-Toledo International,Columbus,Ohio,43240
289,MGM Resorts International,Las Vegas,Nevada,89109
544,Michaels Cos.,Irving,Texas,75063
190,Micron Technology,Boise,Idaho,83716
31,Microsoft,Redmond,Washington,98052
362,Mohawk Industries,Calhoun,Georgia,30701
301,Molina Healthcare,Long Beach,California,90802
606,Molson Coors Brewing,Denver,Colorado,80202
871,Momentive Performance Materials,Waterford,New York,12188
91,Mondelez International,Deerfield,Illinois,60015
197,Monsanto,St. Louis,Missouri,63167
875,Monster Beverage,Corona,California,92879
699,Moody's,New York,New York,10007
825,Moog,East Aurora,New York,14052
82,Morgan Stanley,New York,New York,10036
320,Mosaic,Plymouth,Minnesota,55441
363,Motorola Solutions,Schaumburg,Illinois,60196
448,MRC Global,Houston,Texas,77010
798,MSC Industrial Direct,Melville,New York,11747
906,Mueller Industries,Memphis,Tennessee,38125
350,Murphy Oil,El Dorado,Arkansas,71730
202,Murphy USA,El Dorado,Arkansas,71730
890,Mutual of America Life Insuranc,New York,New York,10022
391,Mutual of Omaha Insurance,Omaha,Nebraska,68175
760,MWI Veterinary Supply,Boise,Idaho,83705
680,Nasdaq OMX Group,New York,New York,10006
978,National Fuel Gas,Williamsville,New York,14221
127,National Oilwell Varco,Houston,Texas,77036
968,Nationstar Mortgage Holdings,Coppell,Texas,75019
85,Nationwide,Columbus,Ohio,43215
463,Navient,Wilmington,Delaware,19801
276,Navistar International,Lisle,Illinois,60532
714,NBTY,Ronkonkoma,New York,11779
412,NCR,Duluth,Georgia,30096
533,Neiman Marcus Group,Dallas,Texas,75201
428,NetApp,Sunnyvale,California,94089
474,Netflix,Los Gatos,California,95032
649,New Jersey Resources,Wall,New Jersey,07719
80,New York Life Insurance,New York,New York,10010
455,Newell Rubbermaid,Atlanta,Georgia,30328
903,Newfield Exploration,The Woodlands,Texas,77380
916,NewMarket,Richmond,Virginia,23219
379,Newmont Mining,Greenwood Village,Colorado,80111
331,News Corp.,New York,New York,10036
548,Nexeo Solutions Holdings,The Woodlands,Texas,77380
183,NextEra Energy,Juno Beach,Florida,33408
299,NGL Energy Partners,Tulsa,Oklahoma,74136
651,NII Holdings,Reston,Virginia,20190
106,Nike,Beaverton,Oregon,97005
418,NiSource,Merrillville,Indiana,46410
505,Noble Energy,Houston,Texas,77070
224,Nordstrom,Seattle,Washington,98101
256,Norfolk Southern,Norfolk,Virginia,23510
852,Nortek,Providence,Rhode Island,02903
502,Northern Tier Energy,Ridgefield,Connecticut,06877
571,Northern Trust,Chicago,Illinois,60603
124,Northrop Grumman,Falls Church,Virginia,22042
109,Northwestern Mutual,Milwaukee,Wisconsin,53202
196,NRG Energy,Princeton,New Jersey,08540
845,Nu Skin Enterprises,Provo,Utah,84601
139,Nucor,Charlotte,North Carolina,28211
741,NuStar Energy,San Antonio,Texas,78257
553,Nvidia,Santa Clara,California,95050
577,NVR,Reston,Virginia,20190
704,Oaktree Capital Group,Los Angeles,California,90071
115,Occidental Petroleum,Los Angeles,California,90024
660,Oceaneering International,Houston,Texas,77041
951,Ocwen Financial,Atlanta,Georgia,30319
194,Office Depot,Boca Raton,Florida,33496
882,OGE Energy,Oklahoma City,Oklahoma,73102
943,Oil States International,Houston,Texas,77002
797,Old Dominion Freight Line,Thomasville,North Carolina,27360
472,Old Republic International,Chicago,Illinois,60601
938,Olin,Clayton,Missouri,63105
414,Omnicare,Cincinnati,Ohio,45202
200,Omnicom Group,New York,New York,10022
722,ON Semiconductor,Phoenix,Arizona,85008
237,Oneok,Tulsa,Oklahoma,74103
81,Oracle,Redwood City,California,94065
539,Orbital ATK,Arlington,Virginia,22209
381,O'Reilly Automotive,Springfield,Missouri,65802
394,Oshkosh,Oshkosh,Wisconsin,54902
924,Outerwall,Bellevue,Washington,98004
309,Owens & Minor,Mechanicsville,Virginia,23116
498,Owens Corning,Toledo,Ohio,43659
399,Owens-Illinois,Perrysburg,Ohio,43551
158,Paccar,Bellevue,Washington,98004
387,Pacific Life,Houston,Texas,77002
451,Packaging Corp. of America,Lake Forest,Illinois,60045
796,Pall,Port Washington,New York,11050
857,Panera Bread,St. Louis,Missouri,63127
402,Pantry,Cary,North Carolina,27511
734,Par Petroleum,Houston,Texas,77023
933,Parexel International,Waltham,Massachusetts,02451
230,Parker-Hannifin,Cleveland,Ohio,44124
931,Party City Holdings,Elmsford,New York,10523
617,Patterson,St. Paul,Minnesota,55120
720,Patterson-UTI Energy,Houston,Texas,77067
860,Paychex,Rochester,New York,14625
149,PBF Energy,Parsippany,New Jersey,07054
876,PC Connection,Merrimack,New Hampshire,03054
398,Peabody Energy,St. Louis,Missouri,63101
980,Penn Mutual Life Insurance,Horsham,Pennsylvania,19044
840,Penn National Gaming,Wyomissing,Pennsylvania,19610
177,Penske Automotive Group,Bloomfield Hills,Michigan,48302
989,Pep Boys-Manny  Moe & Jack,Philadelphia,Pennsylvania,19132
527,Pepco Holdings,Washington,District of Columbia,20068
44,PepsiCo,Purchase,New York,10577
940,PerkinElmer,Waltham,Massachusetts,02451
286,Peter Kiewit Sons',Omaha,Nebraska,68131
386,PetSmart,Phoenix,Arizona,85027
56,Pfizer,New York,New York,10017
182,PG&E Corp.,San Francisco,California,94105
102,Philip Morris International,New York,New York,10017
7,Phillips 66,Houston,Texas,77042
935,Pinnacle Entertainment,Las Vegas,Nevada,89169
839,Pinnacle Foods,Parsippany,New Jersey,07054
683,Pinnacle West Capital,Phoenix,Arizona,85004
496,Pioneer Natural Resources,Irving,Texas,75039
636,Pitney Bowes,Stamford,Connecticut,06926
67,Plains GP Holdings,Houston,Texas,77002
902,Plexus,Neenah,Wisconsin,54956
192,PNC Financial Services Group,Pittsburgh,Pennsylvania,15222
574,Polaris Industries,Medina,Minnesota,55340
638,PolyOne,Avon Lake,Ohio,44012
937,Pool,Covington,Louisiana,70433
970,Popular,Hato Rey,Puerto Rico,00918
892,Post Holdings,St. Louis,Missouri,63144
198,PPG Industries,Pittsburgh,Pennsylvania,15272
257,PPL,Allentown,Pennsylvania,18101
249,Praxair,Danbury,Connecticut,06810
302,Precision Castparts,Portland,Oregon,97239
339,Priceline Group,Norwalk,Connecticut,06854
861,PriceSmart,San Diego,California,92121
984,Primoris Services,Dallas,Texas,75201
282,Principal Financial,Des Moines,Iowa,50392
32,Procter & Gamble,Cincinnati,Ohio,45202
153,Progressive,Mayfield Village,Ohio,44143
586,Protective Life,Birmingham,Alabama,35223
55,Prudential Financial,Newark,New Jersey,07102
274,Public Service Enterprise Group,Newark,New Jersey,07102
952,Public Storage,Glendale,California,91201
101,Publix Super Markets,Lakeland,Florida,33811
731,Puget Energy,Bellevue,Washington,98004
453,PulteGroup,Bloomfield Hills,Michigan,48304
351,PVH,New York,New York,10016
667,QEP Resources,Denver,Colorado,80265
531,Quad/Graphics,Sussex,Wisconsin,53089
113,Qualcomm,San Diego,California,92121
361,Quanta Services,Houston,Texas,77056
375,Quest Diagnostics,Madison,New Jersey,07940
476,Quintiles Transnational Holding,Durham,North Carolina,27703
258,R.R. Donnelley & Sons,Chicago,Illinois,60606
761,RadioShack,Fort Worth,Texas,76102
374,Ralph Lauren,New York,New York,10022
813,Range Resources,Fort Worth,Texas,76102
521,Raymond James Financial,St. Petersburg,Florida,33716
129,Raytheon,Waltham,Massachusetts,02451
981,RCS Capital,New York,New York,10022
488,Realogy Holdings,Madison,New Jersey,07940
705,Regal Beloit,Beloit,Wisconsin,53511
757,Regal Entertainment Group,Knoxville,Tennessee,37918
523,Regency Energy Partners,Dallas,Texas,75201
790,Regeneron Pharmaceuticals,Tarrytown,New York,10591
479,Regions Financial,Birmingham,Alabama,35203
273,Reinsurance Group of America,Chesterfield,Missouri,63017
283,Reliance Steel & Aluminum,Los Angeles,California,90071
723,Rent-A-Center,Plano,Texas,75024
323,Republic Services,Phoenix,Arizona,85054
596,Resolute Forest Products,Catawba,South Carolina,29704
986,Rexnord,Milwaukee,Wisconsin,53214
337,Reynolds American,Winston-Salem,North Carolina,27101
117,Rite Aid,Camp Hill,Pennsylvania,17011
552,Robert Half International,Menlo Park,California,94025
293,Rock-Tenn,Norcross,Georgia,30071
409,Rockwell Automation,Milwaukee,Wisconsin,53204
507,Rockwell Collins,Cedar Rapids,Iowa,52498
675,Roper Technologies,Sarasota,Florida,34240
269,Ross Stores,Dublin,California,94568
607,Roundy's,Milwaukee,Wisconsin,53202
915,RPC,Atlanta,Georgia,30329
589,RPM International,Medina,Ohio,44256
546,Rush Enterprises,New Braunfels,Texas,78130
407,Ryder System,Miami,Florida,33178
666,Ryerson Holding,Chicago,Illinois,60606
830,Ryland Group,Westlake Village,California,91361
763,Sabre,Southlake,Texas,76092
84,Safeway,Pleasanton,California,94588
483,salesforce.com,San Francisco,California,94105
646,Sally Beauty Holdings,Denton,Texas,76210
803,Sanderson Farms,Laurel,Mississippi,39443
408,SanDisk,Milpitas,California,95035
432,Sanmina,San Jose,California,95134
524,SCANA,Cayce,South Carolina,29033
775,ScanSource,Greenville,South Carolina,29615
853,Schnitzer Steel Industries,Portland,Oregon,97201
630,Science Applications Internatio,McLean,Virginia,22102
782,Scotts Miracle-Gro,Marysville,Ohio,43041
820,Scripps Networks Interactive,Knoxville,Tennessee,37932
417,Seaboard,Shawnee Mission,Kansas,66202
366,Sealed Air,Elmwood Park,New Jersey,07407
99,Sears Holdings,Hoffman Estates,Illinois,60179
910,Sears Hometown & Outlet Stores,Hoffman Estates,Illinois,60192
602,Securian Financial Group,St. Paul,Minnesota,55101
742,Select Medical Holdings,Mechanicsburg,Pennsylvania,17055
998,Selective Insurance Group,Branchville,New Jersey,07890
975,SemGroup,Tulsa,Oklahoma,74136
270,Sempra Energy,San Diego,California,92101
799,Sentry Insurance Group,Stevens Point,Wisconsin,54481
754,Service Corp. International,Houston,Texas,77019
878,ServiceMaster Global Holdings,Memphis,Tennessee,38120
987,Seventy Seven Energy,Oklahoma City,Kansas,73116
266,Sherwin-Williams,Cleveland,Ohio,44115
800,Sigma-Aldrich,St. Louis,Missouri,63103
627,Silgan Holdings,Stamford,Connecticut,06901
529,Simon Property Group,Indianapolis,Indiana,46204
900,Skechers U.S.A.,Manhattan Beach,California,90266
711,SkyWest,St. George,Utah,84790
927,Skyworks Solutions,Woburn,Massachusetts,01801
859,SM Energy,Denver,Colorado,80203
677,Smart & Final Stores,Commerce,California,90040
682,Snap-on,Kenosha,Wisconsin,53143
315,Sonic Automotive,Charlotte,North Carolina,28211
516,Sonoco Products,Hartsville,South Carolina,29550
163,Southern,Atlanta,Georgia,30308
161,Southwest Airlines,Dallas,Texas,75235
976,Southwest Gas,Las Vegas,Nevada,89150
618,Southwestern Energy,Houston,Texas,77032
359,SpartanNash,Grand Rapids,Michigan,49518
449,Spectra Energy,Houston,Texas,77056
396,Spirit AeroSystems Holdings,Wichita,Kansas,67210
509,Sprague Resources,Portsmouth,New Hampshire,03801
791,Springleaf Holdings,Evansville,Indiana,47708
762,Sprouts Farmers Market,Phoenix,Arizona,85028
542,SPX,Charlotte,North Carolina,28277
466,St. Jude Medical,St. Paul,Minnesota,55117
804,StanCorp Financial Group,Portland,Oregon,97204
887,Standard Pacific,Irvine,California,92618
261,Stanley Black & Decker,New Britain,Connecticut,06053
133,Staples,Framingham,Massachusetts,01702
187,Starbucks,Seattle,Washington,98134
442,Starwood Hotels & Resorts,Stamford,Connecticut,06902
41,State Farm Insurance Cos.,Bloomington,Illinois,61710
278,State Street Corp.,Boston,Massachusetts,02111
326,Steel Dynamics,Fort Wayne,Indiana,46804
759,Steelcase,Grand Rapids,Michigan,49508
850,Stericycle,Lake Forest,Illinois,60045
936,Stifel Financial,St. Louis,Missouri,63102
300,Stryker,Kalamazoo,Michigan,49002
869,SunEdison,St. Peters,Missouri,63376
724,SunGard Data Systems,Wayne,Pennsylvania,19087
748,SunPower,San Jose,California,95134
327,SunTrust Banks,Atlanta,Georgia,30308
550,Superior Energy Services,Houston,Texas,77002
164,Supervalu,Eden Prairie,Minnesota,55344
593,Swift Transportation,Phoenix,Arizona,85043
405,Symantec,Mountain View,California,94043
955,Symetra Financial,Bellevue,Washington,98004
220,Synnex,Fremont,California,94538
995,Synopsys,Mountain View,California,94043
61,Sysco,Houston,Texas,77077
685,Systemax,Port Washington,New York,11050
620,T. Rowe Price,Baltimore,Maryland,21202
913,Take-Two Interactive Software,New York,New York,10012
659,Targa Energy,Houston,Texas,77002
329,Targa Resources,Houston,Texas,77002
36,Target,Minneapolis,Minnesota,55403
735,Taylor Morrison Home,Scottsdale,Arizona,85251
727,TD Ameritrade Holding,Omaha,Nebraska,68154
789,Team Health Holdings,Knoxville,Tennessee,37919
107,Tech Data,Clearwater,Florida,33760
753,TECO Energy,Tampa,Florida,33602
441,TEGNA,McLean,Virginia,22107
898,Teledyne Technologies,Thousand Oaks,California,91360
518,Telephone & Data Systems,Chicago,Illinois,60602
758,Tempur Sealy International,Lexington,Kentucky,40511
170,Tenet Healthcare,Dallas,Texas,75202
341,Tenneco,Lake Forest,Illinois,60045
809,Teradata,Dayton,Ohio,45342
377,Terex,Westport,Connecticut,06880
717,Tesla Motors,Palo Alto,California,94304
77,Tesoro,San Antonio,Texas,78259
870,Tetra Tech,Pasadena,California,91107
233,Texas Instruments,Dallas,Texas,75243
219,Textron,Providence,Rhode Island,02903
181,Thermo Fisher Scientific,Waltham,Massachusetts,02451
668,Thor Industries,Elkhart,Indiana,46514
333,Thrivent Financial for Lutheran,Minneapolis,Minnesota,55415
92,TIAA-CREF,New York,New York,10017
597,Tiffany,New York,New York,10022
104,Time Warner,New York,New York,10019
130,Time Warner Cable,New York,New York,10023
632,Timken,Canton,Ohio,44706
103,TJX,Framingham,Massachusetts,01701
628,Toll Brothers,Horsham,Pennsylvania,19044
864,Tops Holding,Williamsville,New York,14221
621,Torchmark,McKinney,Texas,75070
963,Toro,Bloomington,Minnesota,55420
877,Total System Services,Columbus,Georgia,31901
956,Tower International,Livonia,Michigan,48152
676,Towers Watson,New York,New York,10022
245,"Toys R"" Us""""""",Wayne,New Jersey,07470
460,Tractor Supply,Brentwood,Tennessee,37027
904,TransDigm Group,Cleveland,Ohio,44114
365,TravelCenters of America,Westlake,Ohio,44145
112,Travelers Cos.,New York,New York,10017
767,TreeHouse Foods,Oak Brook,Illinois,60523
774,Tribune Media,Chicago,Illinois,60611
897,Trimble Navigation,Sunnyvale,California,94085
953,TriNet Group,San Leandro,California,94577
433,Trinity Industries,Dallas,Texas,75207
919,Triple-S Management,San Juan,Puerto Rico,00920
644,Triumph Group,Berwyn,Pennsylvania,19312
960,TrueBlue,Tacoma,Washington,98401
175,TRW Automotive Holdings,Livonia,Michigan,48150
835,Tupperware Brands,Orlando,Florida,32837
573,Tutor Perini,Sylmar,California,91342
97,Twenty-First Century Fox,New York,New York,10036
83,Tyson Foods,Springdale,Arkansas,72762
138,U.S. Bancorp,Minneapolis,Minnesota,55402
349,UGI,King of Prussia,Pennsylvania,19406
709,Ulta Salon Cosmetics & Fragranc,Bolingbrook,Illinois,60440
739,Under Armour,Baltimore,Maryland,21230
643,Unified Grocers,Commerce,California,90040
123,Union Pacific,Omaha,Nebraska,68179
696,Unisys,Blue Bell,Pennsylvania,19422
79,United Continental Holdings,Chicago,Illinois,60606
397,United Natural Foods,Providence,Rhode Island,02908
716,United Refining,Warren,Pennsylvania,16365
461,United Rentals,Stamford,Connecticut,06902
176,United States Steel,Pittsburgh,Pennsylvania,15219
45,United Technologies,Hartford,Connecticut,06101
14,UnitedHealth Group,Minnetonka,Minnesota,55343
854,Universal,Richmond,Virginia,23235
996,Universal American,White Plains,New York,10601
821,Universal Forest Products,Grand Rapids,Michigan,49525
324,Universal Health Services,King of Prussia,Pennsylvania,19406
776,Univision Communications,New York,New York,10158
279,Unum Group,Chattanooga,Tennessee,37402
47,UPS,Atlanta,Georgia,30328
701,Urban Outfitters,Philadelphia,Pennsylvania,19112
128,US Foods,Rosemont,Illinois,60018
122,USAA,San Antonio,Texas,78288
653,USG,Chicago,Illinois,60661
13,Valero Energy,San Antonio,Texas,78249
729,Valmont Industries,Omaha,Nebraska,68154
570,Valspar,Minneapolis,Minnesota,55402
842,Vantiv,Symmes Township,Ohio,45249
745,Varian Medical Systems,Palo Alto,California,94304
833,Vectren,Evansville,Indiana,47708
740,Ventas,Chicago,Illinois,60654
15,Verizon,New York,New York,10007
248,VF,Greensboro,North Carolina,27408
222,Viacom,New York,New York,10036
238,Visa,Foster City,California,94404
867,Vishay Intertechnology,Malvern,Pennsylvania,19355
344,Visteon,Van Buren Township,Michigan,48111
814,Vornado Realty Trust,New York,New York,10019
268,Voya Financial,New York,New York,10169
755,Vulcan Materials,Birmingham,Alabama,35242
590,VWR,Radnor,Pennsylvania,19087
385,W.R. Berkley,Greenwich,Connecticut,06830
708,W.R. Grace,Columbia,Maryland,21044
290,W.W. Grainger,Lake Forest,Illinois,60045
785,WABCO Holdings,Piscataway,New Jersey,08854
35,Walgreens,Deerfield,Illinois,60015
1,Walmart,Bentonville,Arkansas,72716
749,Warner Music Group,New York,New York,10019
988,Waste Connections,The Woodlands,Texas,77380
217,Waste Management,Houston,Texas,77002
624,Watsco,Miami,Florida,33133
519,WEC Energy Group,Milwaukee,Wisconsin,53203
802,Weis Markets,Sunbury,Pennsylvania,17801
234,WellCare Health Plans,Tampa,Florida,33634
30,Wells Fargo,San Francisco,California,94163
993,Wendy's,Dublin,Ohio,43017
971,Werner Enterprises,Omaha,Nebraska,68138
360,WESCO International,Pittsburgh,Pennsylvania,15219
794,West,Omaha,Nebraska,68154
836,Westar Energy,Topeka,Kansas,66612
481,Western & Southern Financial Gr,Cincinnati,Ohio,45202
205,Western Digital,Irvine,California,92612
204,Western Refining,El Paso,Texas,79901
468,Western Union,Englewood,Colorado,80112
747,Westinghouse Air Brake Technolo,Wilmerding,Pennsylvania,15148
582,Westlake Chemical,Houston,Texas,77056
355,Weyerhaeuser,Federal Way,Washington,98003
801,WGL Holdings,Washington,District of Columbia,20080
148,Whirlpool,Benton Harbor,Michigan,49022
686,WhiteWave Foods,Denver,Colorado,80202
738,Whiting Petroleum,Denver,Colorado,80290
214,Whole Foods Market,Austin,Texas,78703
992,Willbros Group,Houston,Texas,77027
370,Williams,Tulsa,Oklahoma,74172
551,Williams-Sonoma,San Francisco,California,94109
452,Windstream Holdings,Little Rock,Arkansas,72212
806,Wolverine World Wide,Rockford,Michigan,49351
68,World Fuel Services,Miami,Florida,33178
728,Worthington Industries,Columbus,Ohio,43085
634,WPX Energy,Tulsa,Oklahoma,74172
497,Wyndham Worldwide,Parsippany,New Jersey,07054
477,Wynn Resorts,Las Vegas,Nevada,89109
255,Xcel Energy,Minneapolis,Minnesota,55401
143,Xerox,Norwalk,Connecticut,06850
901,Xilinx,San Jose,California,95124
909,XPO Logistics,Greenwhich,Connecticut,06831
626,Xylem,Rye Brook,New York,10573
561,Yahoo,Sunnyvale,California,94089
510,YRC Worldwide,Overland Park,Kansas,66211
228,Yum Brands,Louisville,Kentucky,40213
555,Zimmer Holdings,Warsaw,Indiana,46580
907,Zions Bancorp.,Salt Lake City,Utah,84133
538,Zoetis,Florham Park,New Jersey,07932